https://www.cdiscount.com/juniors/jeux-de-societe-cartes/clementoni-jeu-de-magie-les-secrets-devoiles-d/f-1207914-cl52287.html,8005125522873,"","","",    CLEMENTONI - Jeu de Magie - Les Secrets Dévoilés de la Magie - Tours Incontournables,"",PRODUIT NEUF généralement expédié SOUS 4 jours ouvrables en ENVOI SUIVI. Envoi professionnel bien protégé.,https://i2.cdscdn.com/pdt2/2/8/7/1/700x700/cl52287/rw/clementoni-jeu-de-magie-les-secrets-devoiles-d.jpg,"CL52287"";tc_vars",11€44
https://www.cdiscount.com/juniors/loisirs-creatifs-enfant/aquabeads-dazzling-ring-set/f-1209011-epo79278.html,5054131792780,"","","",    AQUABEADS Dazzling Ring Set,"","",https://i2.cdscdn.com/pdt2/2/7/8/1/700x700/epo79278/rw/aquabeads-dazzling-ring-set.jpg,"EPO79278"";tc_var",7€99
https://www.cdiscount.com/electromenager/tous-nos-accessoires/wpro-mi130-mw-sac-aspirateur-miele-4-sacs-1-fm/f-11029160101-wpr8015250024067.html,8015250024067,"","","",    WPRO MI130-MW Sac aspirateur Miele / 4 sacs + 1 FM Fermeture propreté,"", ,https://i2.cdscdn.com/pdt2/0/6/7/1/700x700/wpr8015250024067/rw/wpro-mi130-mw-sac-aspirateur-miele-4-sacs-1-fm.jpg,WPR8015250024067,5€99
https://www.cdiscount.com/juniors/jeux-et-jouets-par-type/nouveaute-2018-playmobil-9087-pirate-tresor/f-120060264-auc4008789090874.html,4008789090874,"","","",    Nouveauté 2018 - PLAYMOBIL 9087 Pirate trésor,"", ,https://i2.cdscdn.com/pdt2/8/7/4/1/700x700/auc4008789090874/rw/nouveaute-2018-playmobil-9087-pirate-tresor.jpg,AUC4008789090874,3€49
https://www.cdiscount.com/informatique/gaming/cable-chargeur-3m-usb-vers-micro-usb-spirit-of-gam/f-107140308-spi3700104431898.html,3700104431898,"","","",    SPIRIT OF GAMER Câble chargeur pour manette SOG-CBPS4,"", ,https://i2.cdscdn.com/pdt2/8/9/8/1/700x700/spi3700104431898/rw/cable-chargeur-3m-usb-vers-micro-usb-spirit-of-gam.jpg,SPI3700104431898,2€99
https://www.cdiscount.com/juniors/lego/lego-r-dc-comics-super-heroes-76093-mighty-micros/f-1202816-lego76093.html,5702016110876,"","","",    LEGO® DC Comics Super Heroes 76093 Mighty Micros : Nightwing™ contre Le Joker™,"","",https://i2.cdscdn.com/pdt2/0/9/3/1/700x700/lego76093/rw/lego-r-dc-comics-super-heroes-76093-mighty-micros.jpg,"LEGO76093"";tc_va",7€49
https://www.cdiscount.com/juniors/loisirs-creatifs-enfant/lansay-recharge-stix-animaux/f-1209011-lan33102.html,3181860331026,"","","",    LANSAY Recharge Stix Animaux,"","",https://i2.cdscdn.com/pdt2/1/0/2/1/700x700/lan33102/rw/lansay-recharge-stix-animaux.jpg,"LAN33102"";tc_var",9€99
https://www.cdiscount.com/juniors/jeux-et-jouets-par-type/playmobil-1-2-3-6975-soigneur-avec-chat/f-120060235-auc4008789069757.html,4008789069757,"","","",    PLAYMOBIL 1.2.3.  6975 Soigneur avec Chat,"",Playmobil 1.2.3 - 6975 - Soigneur avec chat,https://i2.cdscdn.com/pdt2/7/5/7/1/700x700/auc4008789069757/rw/playmobil-1-2-3-6975-soigneur-avec-chat.jpg,AUC4008789069757,3€52
https://www.cdiscount.com/arts-loisirs/papeterie-fournitures-scolaires/bic-velleda-surface-effacable-a-sec-19x26cm-bord-b/f-161030314-bic8413601.html,3086129999576,"","","",    BIC Velleda Surface Effaçable à Sec 19x26cm Bord Bleu + BIC Velleda 1721 Fin 1 Feutre Effaçable à Sec Bleu + 1 Effacette Clipsée,"", ,https://i2.cdscdn.com/pdt2/6/0/1/1/700x700/bic8413601/rw/bic-velleda-surface-effacable-a-sec-19x26cm-bord-b.jpg,"BIC8413601"";tc_v",2€19
https://www.cdiscount.com/bricolage/outillage/pince-a-ressort-fz-40-wolfcraft-3630000/f-166010211-wol4006885363007.html,4006885363007,"","","",    WOLFCRAFT Pince de serrage à ressort FZ 40,"", ,https://i2.cdscdn.com/pdt2/0/0/7/1/700x700/wol4006885363007/rw/pince-a-ressort-fz-40-wolfcraft-3630000.jpg,WOL4006885363007,1€99
https://www.cdiscount.com/juniors/jeux-et-jouets-par-type/nouveaute-2018-playmobil-9140-fee-avec-hibou/f-120060243-auc4008789091406.html,4008789091406,"","","",    Nouveauté 2018 - PLAYMOBIL 9140 Fée avec hibou,"", ,https://i2.cdscdn.com/pdt2/4/0/6/1/700x700/auc4008789091406/rw/nouveaute-2018-playmobil-9140-fee-avec-hibou.jpg,AUC4008789091406,7€49
https://www.cdiscount.com/jeux-pc-video-console/accessoires/ecrans-de-protection-new-2-ds-xl/f-1031724-3760192209458.html,3760192209458,"","","",    Ecrans de protection New 2 DS XL,"","",https://i2.cdscdn.com/pdt2/4/5/8/1/700x700/3760192209458/rw/ecrans-de-protection-new-2-ds-xl.jpg,"3760192209458"";t",4€99
https://www.cdiscount.com/bricolage/electricite/fiche-male-extra-plate-2-p-t-16a-blanche/f-1661403-auc3545411994632.html,3545411994632,"","","",    ZENITECH Fiche électrique mâle extra plate 2P+T 16A blanc,"", ,https://i2.cdscdn.com/pdt2/6/3/2/1/700x700/auc3545411994632/rw/fiche-male-extra-plate-2-p-t-16a-blanche.jpg,AUC3545411994632,2€99
https://www.cdiscount.com/juniors/lego/lego-r-classic-10709-boite-de-construction-orange/f-1202888-leg10709.html,5702015869416,"","","",    LEGO® Classic 10709 Boîte de Construction orange,"","",https://i2.cdscdn.com/pdt2/7/0/9/1/700x700/leg10709/rw/lego-r-classic-10709-boite-de-construction-orange.jpg,"LEG10709"";tc_var",4€99
https://www.cdiscount.com/juniors/jeux-et-jouets-par-type/nouveaute-2018-playmobil-9129-randonneur/f-120060205-auc4008789091291.html,4008789091291,"","","",    Nouveauté 2018 - PLAYMOBIL 9129 Randonneur,"", ,https://i2.cdscdn.com/pdt2/2/9/1/1/700x700/auc4008789091291/rw/nouveaute-2018-playmobil-9129-randonneur.jpg,AUC4008789091291,4€90
https://www.cdiscount.com/juniors/loisirs-creatifs-enfant/panini-adrenalyn-cartes-foot-2017-2018-pack-de-d/f-120900504-pan2320015.html,8018190085747,"","","",    PANINI Adrenalyn 2017-2018 - Pack de démarrage - Cartes à collectionner football,"","",https://i2.cdscdn.com/pdt2/0/1/5/1/700x700/pan2320015/rw/panini-adrenalyn-2017-2018-pack-de-demarrage-c.jpg,"PAN2320015"";tc_v",6€00
https://www.cdiscount.com/juniors/jouets-premier-age-jeux-d-eveil/cotoons-livre-de-bain-magique/f-1201410-smo3032161106120.html,3032161106120,"","","",    SMOBY Cotoons Livre de Bain Magique,"","Les Cotoons ont une histoire à raconter aux enfants dans leur bain. Conçu par Smoby ce Livre de bain change de couleur au contact de l'eau chaude. Quand l'enfant plonge le livre dans l'eau, les images se modifient, c'est vraiment rigolo !",https://i2.cdscdn.com/pdt2/1/2/0/1/700x700/smo3032161106120/rw/smoby-cotoons-livre-de-bain-magique.jpg,SMO3032161106120,5€47
https://www.cdiscount.com/juniors/poupees-poupons/masha-michka-masha-et-le-pingouin/f-1206414-smo109301003.html,4006592001285,"","","",    MASHA & MICHKA Simba Masha et le Pingouin 12cm,"","",https://i2.cdscdn.com/pdt2/0/0/3/1/700x700/smo109301003/rw/masha-michka-simba-masha-et-le-pingouin-12cm.jpg,"SMO109301003"";tc",8€79
https://www.cdiscount.com/juniors/jeux-et-jouets-par-type/panini-blister-de-8-pochettes-de-5-stickers-cars-3/f-1200624-pan8018190080841.html,8018190080841,"","","",    PANINI Blister de 8 pochettes de 5 stickers Cars 3,"",Pack 8 pochettes de 5 stickers Cars 3 Panini,https://i2.cdscdn.com/pdt2/8/4/1/1/700x700/pan8018190080841/rw/panini-blister-de-8-pochettes-de-5-stickers-cars-3.jpg,PAN8018190080841,5€79
https://www.cdiscount.com/juniors/figurines/disney-28-figurines-les-heros-disney-et-pixar/f-12067-dis5025123700526.html,5025123700526,"","","",    DISNEY 28 figurines - Les Héros Disney et Pixar,"",Pack de 5 figurines Disney Emoji ChatPack,https://i2.cdscdn.com/pdt2/5/2/6/1/700x700/dis5025123700526/rw/disney-28-figurines-les-heros-disney-et-pixar.jpg,DIS5025123700526,10€70
https://www.cdiscount.com/juniors/figurines/sylvanian-families-5221-chaise-haute-pour-bebe/f-1206726-epo5221.html,5054131052211,"","","",    SYLVANIAN FAMILIES 5221 Chaise Haute Pour Bébé,"",Chaise haute pour b b  Sylvanian Families,https://i2.cdscdn.com/pdt2/2/2/1/1/700x700/epo5221/rw/sylvanian-families-5221-chaise-haute-pour-bebe.jpg,"EPO5221"";tc_vars",8€22
https://www.cdiscount.com/pret-a-porter/bebe-puericulture/sophie-la-girafe-set-2-balles-2-cubes-so-pure/f-113172551-220119.html,3056562201192,"","","",    SOPHIE LA GIRAFE Set 2 balles + 2 cubes So'Pure,"","",https://i2.cdscdn.com/pdt2/1/1/9/1/700x700/220119/rw/sophie-la-girafe-set-2-balles-2-cubes-so-pure.jpg,"220119"";tc_vars[",7€90
https://www.cdiscount.com/pret-a-porter/bebe-puericulture/chicco-miroir-retroviseur/f-11317710501-chi607952.html,8058664041978,"","","",    CHICCO Miroir Rétroviseur,"","",https://i2.cdscdn.com/pdt2/9/5/2/1/700x700/chi607952/rw/chicco-miroir-retroviseur.jpg,"CHI607952"";tc_va",7€99
https://www.cdiscount.com/musique-cd-dvd/louane-chambre-12/f-101-mar0602547653659.html,0602547653659,"","","",    Louane : Chambre 12,"",Vendeur professionnel. Produits neufs. Envois rapides et gratuits avec un suivi en ligne de votre colis. Service client trcs réactif et de qualité !        Jour1; Avenir; Maman; Jeune; Tourne; Chambre 12; Tranquille; Alien; Nous; Du courage; La fuite; Je vole; La mère à Titi; Avenir version original; Maman radio edit; Jeune radio edit; Tourne radio edit; Chambre 12 radio edit,https://i2.cdscdn.com/pdt2/6/5/9/1/700x700/mar0602547653659/rw/louane-chambre-12.jpg,MAR0602547653659,8€53
https://www.cdiscount.com/dvd/films-blu-ray/cd-kids-united-un-monde-meilleur/f-1043321-auc5054196870928.html,5054196870928,"","","","    CD Kids United ""Un Monde Meilleur""","","Vendeur professionnel. Produits neufs. Envois rapides et gratuits avec un suivi en ligne de votre colis. Service client trcs réactif et de qualité !        CD Kids United Album ""Un Monde Meilleur"". 1- On écrit sur les murs 2-Sauver l'amour (en duo avec Hélène Ségara) 3-Imagine 4-Il faudra leur dire (en duo avec Corneille) 5- Des ricochets 6- 	Toi + moi 7- Parce qu'on vient de loin 8- Chanter pour ceux 9- Happy 10- Papaoutai 11- Eblouie par la nuit 12 - Last Christmas.",https://i2.cdscdn.com/pdt2/9/2/8/1/700x700/auc5054196870928/rw/cd-kids-united-un-monde-meilleur.jpg,AUC5054196870928,8€41
https://www.cdiscount.com/musique-cd-dvd/kids-united-2/f-101-mar5054196993528.html,5054196993528,"","","",    Kids United 2,"",Vendeur professionnel. Produits neufs. Envois rapides et gratuits avec un suivi en ligne de votre colis. Service client trcs réactif et de qualité !        : Tout le bonheur du Monde en duo avec Inaya;  : Loiseau et lenfant;  : Destin;  : Laissez-nous chanter;  : Qui a le droit;  : Sur ma route en duo avec Black M;  : Si;  : Le Pouvoir des Fleurs;  : Heal The World en duo avec Corneille;  : Jai demandé à la Lune;  : La camisa Negra;  : Ensemble (Titre original inédit),https://i2.cdscdn.com/pdt2/5/2/8/1/700x700/mar5054196993528/rw/kids-united-2.jpg,MAR5054196993528,8€53
https://www.cdiscount.com/juniors/jeux-de-societe-cartes/hasbro-gaming-cluedo-jeu-de-voyage/f-1207906-hasb09991010.html,5010994851835,"","","",    HASBRO GAMING - Cluédo - Jeu de voyage,"","",https://i2.cdscdn.com/pdt2/0/1/0/1/700x700/hasb09991010/rw/hasbro-gaming-cluedo-jeu-de-voyage.jpg,"HASB09991010"";tc",6€99
https://www.cdiscount.com/juniors/jeux-de-societe-cartes/cars-3-grande-valisette-metal-2-puzzles-lenticul/f-120791801-spi6035603.html,0778988659106,"","","",    CARS 3 - Grande Valisette Metal 2 Puzzles Lenticulaires,"","",https://i2.cdscdn.com/pdt2/6/0/3/1/700x700/spi6035603/rw/cars-3-grande-valisette-metal-2-puzzles-lenticul.jpg,"SPI6035603"";tc_v",6€99
https://www.cdiscount.com/juniors/figurines/splash-toys-baby-secrets-single-pack/f-120679407-spl30855.html,3700514308551,"","","",    SPLASH TOYS Baby Secrets - Single Pack,"","",https://i2.cdscdn.com/pdt2/8/5/5/1/700x700/spl30855/rw/splash-toys-baby-secrets-single-pack.jpg,"SPL30855"";tc_var",5€99
https://www.cdiscount.com/bricolage/electricite/detrompeur-pour-fiche/f-1661402-leg3245060502997.html,3245060502997,"","","",    Détrompeur pour fiche,"",Livraison rapide et soignée        Détrompeur pour fiche - Legrand 50299 : Détrompeur pour fiche male 2 pôles + Terre. Se fixe directement sur la fiche de l'appareil destiné à etre raccordé à la prise à détrompage.,https://i2.cdscdn.com/pdt2/9/9/7/1/700x700/leg3245060502997/rw/detrompeur-pour-fiche.jpg,LEG3245060502997,5€98
https://www.cdiscount.com/juniors/lego/lego-r-brickheadz-41599-wonder-woman/f-1202898-lego41599.html,5702016072648,"","","",    LEGO® Brickheadz 41599 Wonder Woman™,"","",https://i2.cdscdn.com/pdt2/5/9/9/1/700x700/lego41599/rw/lego-r-brickheadz-41599-wonder-woman.jpg,"LEGO41599"";tc_va",6€85
https://www.cdiscount.com/juniors/jeux-de-societe-cartes/nathan-4-animaux-de-la-ferme-a-assembler/f-120791833-nat8410446314371.html,8410446314371,"","","",    NATHAN - 4 Animaux de la Ferme à Assembler,"","",https://i2.cdscdn.com/pdt2/3/7/1/1/700x700/nat8410446314371/rw/nathan-4-animaux-de-la-ferme-a-assembler.jpg,NAT8410446314371,7€99
https://www.cdiscount.com/pret-a-porter/bebe-puericulture/sophie-la-girafe-anneau-de-dention-so-pure/f-113173315-220117.html,3056562201178,"","","",    SOPHIE LA GIRAFE Anneau De Dention So'Pure,"","",https://i2.cdscdn.com/pdt2/1/1/7/1/700x700/220117/rw/sophie-la-girafe-anneau-de-dention-so-pure.jpg,"220117"";tc_vars[",8€09
https://www.cdiscount.com/juniors/maquette-modelisme/tole-ondulee-h0-tt-auhagen-marron-52430/f-1208407-auh4013285524303.html,4013285524303,"","","",    Tôle ondulée H0/TT AUHAGEN Marron 52430,"","PRODUIT NEUF généralement expédié SOUS 2 jours ouvrables en ENVOI SUIVI. Envoi professionnel bien protégé.        Tôle ondulée H0/TT AUHAGEN Marron 52430 - En plastique de qualité, robuste, finement structuré et adapté pour différentes utilisations.Classe d'âge : à partir de 15 ansDimensions produit, largeur : 100 mmDimensions produit, longueur : 200 mmModèle : Ondulée, marronÉchelle : H0, TT",https://i2.cdscdn.com/pdt2/3/0/3/1/700x700/auh4013285524303/rw/tole-ondulee-h0-tt-auhagen-marron-52430.jpg,AUH4013285524303,6€50
https://www.cdiscount.com/jeux-pc-video-console/nintendo-switch/dragonne-joy-con-switch-jaune-neon/f-1032803-45496430733.html,0045496430733,"","","",    Dragonne Joy-Con Switch Jaune Néon,"","",https://i2.cdscdn.com/pdt2/7/3/3/1/700x700/45496430733/rw/dragonne-joy-con-switch-jaune-neon.jpg,"45496430733"";tc_",4€13
https://www.cdiscount.com/juniors/loisirs-creatifs-enfant/spin-master-recharge-argile-pottery-cool/f-1209010-spi6027886r.html,0778988225929,"","","",    SPIN MASTER Recharge Argile Pottery Cool,"","",https://i2.cdscdn.com/pdt2/8/6/r/1/700x700/spi6027886r/rw/spin-master-recharge-argile-pottery-cool.jpg,"SPI6027886R"";tc_",7€99
https://www.cdiscount.com/juniors/jeux-de-societe-cartes/ravensburger-les-jeux-coup-de-coeurs-croque-carott/f-120791505-rav4005556223244.html,4005556223244,"","","",    RAVENSBURGER Les Jeux Coup de Coeurs Croque Carotte,"","",https://i2.cdscdn.com/pdt2/2/4/4/1/700x700/rav4005556223244/rw/ravensburger-les-jeux-coup-de-coeurs-croque-carott.jpg,RAV4005556223244,7€99
https://www.cdiscount.com/electromenager/tous-nos-accessoires/wpro-bs30mw-sac-pour-aspirateur-bosch-siemens/f-11029160101-wpr8015250024180.html,8015250024180,"","","",    WPRO BS30MW Sac pour aspirateur BOSCH/SIEMENS,"","",https://i2.cdscdn.com/pdt2/1/8/0/1/700x700/wpr8015250024180/rw/wpro-bs30mw-sac-pour-aspirateur-bosch-siemens.jpg,WPR8015250024180,9€95
https://www.cdiscount.com/juniors/lego/lego-r-minifigurines-71020-sachet-lego-minifigure/f-1202814-lego71020.html,5702016109306,"","","",    LEGO® Minifigurines™ 71020 Sachet LEGO Minifigures,"","",https://i2.cdscdn.com/pdt2/0/2/0/1/700x700/lego71020/rw/lego-r-minifigurines-71020-sachet-lego-minifigure.jpg,"LEGO71020"";tc_va",3€23
https://www.cdiscount.com/juniors/lego/lego-r-dc-comics-super-heroes-76094-mighty-micros/f-1202816-lego76094.html,5702016110487,"","","",    LEGO® DC Comics Super Heroes 76094 Mighty Micros : Supergirl™ contre Brainiac™,"","",https://i2.cdscdn.com/pdt2/0/9/4/1/700x700/lego76094/rw/lego-r-dc-comics-super-heroes-76094-mighty-micros.jpg,"LEGO76094"";tc_va",7€49
https://www.cdiscount.com/juniors/jeux-de-societe-cartes/peppa-pig-jeu-de-cartes/f-120791603-jum8710126179161.html,8710126179161,"","","",    PEPPA PIG  Jeu de Cartes,"","Jouez au célèbre jeu des sept familles avec Peppa Pig !   Peppa est un petit cochon effronté mais adorable qui vit avec sa maman, son papa et son petit frère George. Peppa aime joueur, se déguiser, courir dehors et sauter dans les flaques de boue. Ses aventures se terminent toujours bien, dans de grands éclats de rire !   Contenu : 36 cartes.  Dimensions de la boîte : 8.5 x 1.5 x 15 cm.",https://i2.cdscdn.com/pdt2/1/6/1/1/700x700/jum8710126179161/rw/peppa-pig-jeu-de-cartes.jpg,JUM8710126179161,6€49
https://www.cdiscount.com/dvd/enfants-animation-manga/dvd-sam-le-pompier-vol-7-grand-incendie-de/f-1044201-5053083035471.html,5053083035471,"","","","    DVD Sam le pompier, vol. 7 : grand incendie de ...","","Dessin Animé               Date de sortie :         31/03/2015                                    Casting :                              	              	                              Sam le pompier, vol. 7 : grand incendie de Pontypandy - Synopsis                             L'héroïsme de Sam lui a valu une promotion dans une autre caserne, mais il est très préoccupé par les risques d' incendie dûs à la sécheresse. Malgré ses recommandations, les enfants partent camper en forêt. Ils provoquent un feu. C'est le drame : toute la forêt s'embrase. Ensemble, pompiers et civils combattent le brasier qui se rapproche dangereusement de la ville. Heureusement, un orage éclate et délivre tous les habitants de la menace.",https://i2.cdscdn.com/pdt2/4/7/1/1/700x700/5053083035471/rw/dvd-sam-le-pompier-vol-7-grand-incendie-de.jpg,"5053083035471"";t",6€38
https://www.cdiscount.com/bricolage/quincaillerie/attaches-rapides-pour-bache-x-10/f-1660307-rib3700194406226.html,3700194406226,"","","",    Attaches rapides pour bâche x 10,"","Lot de 10 sandows pratiques pour arrimer ou fixer tous types de bâches. Attache rapide élastique avec boule de blocage        Attaches rapides pour bâche Vendues par 10, ces attaches rapides permettent de fixer toutes les bâches par un système délastique + boule de blocage.&nbsp, Longueur 30 cm max. Boule plastique noire 3 cm de diamètre.",https://i2.cdscdn.com/pdt2/2/2/6/1/700x700/rib3700194406226/rw/attaches-rapides-pour-bache-x-10.jpg,RIB3700194406226,7€72
https://www.cdiscount.com/juniors/jeux-jouets-super-heros/power-rangers-pack-etoile-ninja-et-lanceur/f-1201764-ban3296580437566.html,3296580437566,"","","",    POWER RANGERS - Pack Etoile Ninja et Lanceur,"","",https://i2.cdscdn.com/pdt2/5/6/6/1/700x700/ban3296580437566/rw/power-rangers-pack-etoile-ninja-et-lanceur.jpg,BAN3296580437566,8€79
https://www.cdiscount.com/arts-loisirs/papeterie-fournitures-scolaires/agrafes-standard-24-6-galvanise-en-boite-de-1000/f-161030414-rap7313468556006.html,7313468556006,"","","",    Agrafes standard 24/6 galvanisé en boite de 1000,"","Agrafes standard 24/6 galvanisé en boite de 1000 - Rapid agrafes standard 24/6, galvanisécontenu: 1.000 pièces(24855600 / ancien: 20710602)",https://i2.cdscdn.com/pdt2/0/0/6/1/700x700/rap7313468556006/rw/agrafes-standard-24-6-galvanise-en-boite-de-1000.jpg,RAP7313468556006,3€20
https://www.cdiscount.com/musique-cd-dvd/concerto-pour-clarinette-by-wolfgang-amadeus-mo/f-101-wea0825646985562.html,0825646985562,"","","",    Concerto pour clarinette by Wolfgang Amadeus Mo…,"",Concerto pour clarinette by Wolfgang Amadeus Mozart -,https://i2.cdscdn.com/pdt2/5/6/2/1/700x700/wea0825646985562/rw/concerto-pour-clarinette-by-wolfgang-amadeus-mo.jpg,WEA0825646985562,7€64
https://www.cdiscount.com/juniors/jeux-educatifs-scientifiques/nathan-la-petite-ecole-l-heure/f-120870203-dis31419.html,8410446314197,"","","",    NATHAN La Petite Ecole - L'Heure,"","",https://i2.cdscdn.com/pdt2/4/1/9/1/700x700/dis31419/rw/nathan-la-petite-ecole-l-heure.jpg,"DIS31419"";tc_var",7€05
https://www.cdiscount.com/juniors/jouets-premier-age-jeux-d-eveil/ecoiffier-transport-de-vehicules/f-1201401-eco3280250032458.html,3280250032458,"","","",    ABRICK Transport de Véhicules Fast Car,"","Briques de construction Abrick : Transport de véhicules - Assemblez votre camion transporteur de voitures et allez les chercher pour les déposer vers le garage qui les mettra en vente !   Contenu :  - 1 camion.  - 3 voitures dont une dépanneuse.  - des accessoires.   Ce grand camion après avoir été assemblé par vos soins sera parfait pour aller chercher les jolies petites voitures destinées à rejoindre leurs nouveaux propriétaires !   Les deux voitures sont également à construire.   Inventez vous des aventures automobiles, une panne de voiture et hop la petite dépanneuse est toujours prête à intervenir pour aller chercher les véhicules en détresse et à les amener au garage le plus proche.   La voiture blanche a besoin d'un révision complète et la verte a eu un accident de la route, c'est une mission pour le camion qui en profitera pour ramener les deux véhicules au garage !   Dimensions : 27 x 7 x 10.5 cm.  Dimensions de la boîte : 19 x 7 x 37 cm.",https://i2.cdscdn.com/pdt2/4/5/8/1/700x700/eco3280250032458/rw/abrick-transport-de-vehicules-fast-car.jpg,ECO3280250032458,6€00
https://www.cdiscount.com/juniors/jeux-de-societe-cartes/rubik-s-cube-porte-cles-3x3/f-120791502-win0702.html,3662846007024,"","","",    WINGAMES Porte-Clefs Rubik's Cube,"","",https://i2.cdscdn.com/pdt2/7/0/2/1/700x700/win0702/rw/wingames-porte-clefs-rubik-s-cube.jpg,"WIN0702"";tc_vars",6€91
https://www.cdiscount.com/high-tech/accessoires/t-nb-etui-universel-de-rangement-ecouteurs-stereo/f-1062841-tnb3303170061220.html,3303170061220,"","","",    T'nB Etui Universel de Rangement Ecouteurs Stéréo - Noir,"", ,https://i2.cdscdn.com/pdt2/2/2/0/1/700x700/tnb3303170061220/rw/t-nb-etui-universel-de-rangement-ecouteurs-stereo.jpg,TNB3303170061220,7€49
https://www.cdiscount.com/juniors/jeux-et-jouets-par-type/playmobil-6969-poney-a-decorer-coeur/f-120060271-auc4008789069696.html,4008789069696,"","","",    PLAYMOBIL 6969 Poney à Décorer 'Coeur',"",Poney à décorer Cœur,https://i2.cdscdn.com/pdt2/6/9/6/1/700x700/auc4008789069696/rw/playmobil-6969-poney-a-decorer-coeur.jpg,AUC4008789069696,5€26
https://www.cdiscount.com/juniors/figurines/shopkins-world-blister-5-pack-europe/f-1206740-sho8056379033318.html,8056379033318,"","","",    SHOPKINS WORLD Blister 5 pack Europe,"","Emballez vos bagages et faites votre chemin au salon des vacances, les vacances au monde des shoppies sont maintenant embarquées!   Visitez des villes fabuleuses et partagez un plaisir de vol à l'avant avec ces shoppings de classe mondiale et leurs amis Shopkin! BON VOYAGE!     1 x PACK FOURNI À RANDOM.",https://i2.cdscdn.com/pdt2/3/1/8/1/700x700/sho8056379033318/rw/shopkins-world-blister-5-pack-europe.jpg,SHO8056379033318,6€87
https://www.cdiscount.com/dvd/dvd-action-aventure-guerre/dvd-la-vache-et-le-prisonnier/f-10406-3259130220124.html,3259130220124,"","","",    DVD La vache et le prisonnier,"","NEUF  SOUS BLISTER/// EXPÉDITION IMMÉDIATE SI COMMANDE AVANT 15H  //  PHI 52                                   Comédie               Date de sortie :         20/09/2004                                    Casting : Fernandel, Remy Albert, Musson Bernard                             	              	                              La vache et le prisonnier - Synopsis                             En 1943, Charles Bailly, prisonnier de guerre français, décide de s'évader et de retourner en France. Il ne trouve comme stratagème qu'une vache, Marguerite, et un seau de lait pour traverser l'Allemagne de part en part. Après une première tentative manquée, il s'évade une nouvelle fois, mais Marguerite se perd dans un troupeau de vaches...",https://i2.cdscdn.com/pdt2/1/2/4/1/700x700/3259130220124/rw/dvd-la-vache-et-le-prisonnier.jpg,"3259130220124"";t",7€86
https://www.cdiscount.com/dvd/enfants-animation-manga/dvd-toy-story-angoisse-au-motel-toy-story-hor/f-1044201-8717418453992.html,8717418453992,"","","",    DVD Toy story angoisse au motel ; toy story hor...,"",Toy Story  Angoisse au motel + Hors du temps,https://i2.cdscdn.com/pdt2/9/9/2/1/700x700/8717418453992/rw/dvd-toy-story-angoisse-au-motel-toy-story-hor.jpg,"8717418453992"";t",7€72
https://www.cdiscount.com/musique-cd-dvd/breakfast-in-america/f-101-auc0600753304372.html,0600753304372,"","","",    Breakfast in America,"",Titre : Breakfast in America - Groupe interprète : Supertramp - Support : CD - Format : Boitier - Nombre de CD : 1 - Editeur / Label : Universal Music France - Date de parution : 04/10/2010 - Liste de titres :  -,https://i2.cdscdn.com/pdt2/3/7/2/1/700x700/auc0600753304372/rw/breakfast-in-america.jpg,AUC0600753304372,7€86
https://www.cdiscount.com/dvd/dvd-mangas-animation/dvd-initial-d-le-film/f-10414-3700091008882.html,3700091008882,"","","","    DVD Initial d, le film","","Vendeur professionnel. Produits neufs. Envois rapides et gratuits avec un suivi en ligne de votre colis. Service client trcs réactif et de qualité !                                   Manga               Date de sortie :         23/05/2007                                    Casting :                              	              	                              Initial d, le film - Synopsis",https://i2.cdscdn.com/pdt2/8/8/2/1/700x700/3700091008882/rw/dvd-initial-d-le-film.jpg,"3700091008882"";t",11€08
https://www.cdiscount.com/juniors/jeux-et-jouets-par-type/nouveaute-2018-playmobil-9217-duo-garde/f-120060293-auc4008789092175.html,4008789092175,"","","",    Nouveauté 2018 - PLAYMOBIL 9217 Duo Garde,"", ,https://i2.cdscdn.com/pdt2/1/7/5/1/700x700/auc4008789092175/rw/nouveaute-2018-playmobil-9217-duo-garde.jpg,AUC4008789092175,4€49
https://www.cdiscount.com/dvd/enfants-animation-manga/dvd-la-maison-de-mickey-le-salon-de-minnie/f-1044201-8717418404215.html,8717418404215,"","","",    DVD La Maison de Mickey : Le Salon de Minnie,"",Vendeur professionnel. Produits neufs. Envois rapides et gratuits avec un suivi en ligne de votre colis. Service client trcs réactif et de qualité !,https://i2.cdscdn.com/pdt2/2/1/5/1/700x700/8717418404215/rw/dvd-la-maison-de-mickey-le-salon-de-minnie.jpg,"8717418404215"";t",6€34
https://www.cdiscount.com/dvd/dvd-mangas-animation/dvd-tchoupi-et-ses-amis-vol-6-1-2-3-soleil/f-10414-5050582825220.html,5050582825220,"","","","    DVD Tchoupi et ses amis, vol. 6 : 1, 2, 3 soleil !","","Articles Neufs sous emballage. Vendeur Professionnel. Livraison Rapide.                                   Enfance/Jeunesse               Date de sortie :         01/03/2011                                    Casting :                              	              	                              Tchoupi et ses amis, vol. 6 : 1, 2, 3 soleil ! - Synopsis                             « T'Choupi et ses amis » est une série interactive dans laquelle nous retrouvons le petit T'Choupi en compagnie de ses amis les plus chers : Pilou et Lalou, sans oublier son complice de toujours, Doudou. Pour cette nouvelle saison, T'Choupi s'adresse directement au jeune téléspectateur afin de lui demander des conseils, des encouragements, une solution ou encore de l'aide. Des interactivités ludiques mais aussi éducatives.",https://i2.cdscdn.com/pdt2/2/2/0/1/700x700/5050582825220/rw/dvd-tchoupi-et-ses-amis-vol-6-1-2-3-soleil.jpg,"5050582825220"";t",6€37
https://www.cdiscount.com/dvd/enfants-animation-manga/dvd-sam-le-pompier-vol-6-les-preparatifs-de-noel/f-1044201-5053083020026.html,5053083020026,"","","",    DVD Sam le pompier - Vol 6 les préparatifs de noël,"","",https://i2.cdscdn.com/pdt2/0/2/6/1/700x700/5053083020026/rw/dvd-sam-le-pompier-vol-6-les-preparatifs-de-noel.jpg,"5053083020026"";t",6€52
https://www.cdiscount.com/dvd/dvd-comedie-theatre/dvd-eyjafjallajokull-le-volcan/f-10411-3384442261180.html,3384442261180,"","","",    DVD Eyjafjallajökull - le volcan,"","NEUF  SOUS BLISTER/// EXPÉDITION IMMÉDIATE SI COMMANDE AVANT 15H  //  COUL BR C                                   Comédie               Date de sortie :         05/02/2014                                    Casting : Boon Dany, Bonneton Valerie, Menochet Denis                             	              	                              Eyjafjallajökull - le volcan - Synopsis                             Pour les voyageurs du monde entier, l'éruption du volcan islandais Eyjafjallajökull est un coup dur. Pour Alain et Valérie, c'est une catastrophe. Car pour arriver à temps dans le petit village de Grèce où se marie leur fille, ce couple de divorcés, qui se voue l'un l'autre une détestation sans borne, va être amené par la force des choses à prendre la route ensemble.",https://i2.cdscdn.com/pdt2/1/8/0/1/700x700/3384442261180/rw/dvd-eyjafjallajokull-le-volcan.jpg,"3384442261180"";t",6€48
https://www.cdiscount.com/musique-cd-dvd/keen-v-la-vie-est-belle/f-101-0602537102990.html,0602537102990,"","","",    KEEN V - La Vie Est Belle,"",Vendeur professionnel. Produits neufs. Envois rapides et gratuits avec un suivi en ligne de votre colis. Service client trcs réactif et de qualité !,https://i2.cdscdn.com/pdt2/9/9/0/1/700x700/0602537102990/rw/keen-v-la-vie-est-belle.jpg,"0602537102990"";t",8€53
https://www.cdiscount.com/bricolage/quincaillerie/tesa-sup-sup-stopwater-tape-l-x-l-12-m-x/f-1660303-tes4042448151971.html,4042448151971,"","","",    TESA Ruban d'étanchéité Teflon - 12m x 12mm,"", ,https://i2.cdscdn.com/pdt2/9/7/1/1/700x700/tes4042448151971/rw/tesa-sup-sup-stopwater-tape-l-x-l-12-m-x.jpg,TES4042448151971,0€99
https://www.cdiscount.com/informatique/cables-connectiques/sata6-sata-en-serie-ata/f-10720-sta0065030840743.html,0065030840743,"","","",    STARTECH Câble SATA vers SATA de 15 cm - Cordon Serial ATA III 6 Gb/s,"","StarTech SATA6 - SATA en série ATA Câble, 0.15m - StarTech SATA6 - SATA en série ATA Câble, 0.15m",https://i2.cdscdn.com/pdt2/7/4/3/1/700x700/sta0065030840743/rw/sata6-sata-en-serie-ata.jpg,STA0065030840743,1€59
https://www.cdiscount.com/arts-loisirs/loisirs-creatifs/moulage-en-platre-mako-moulages-le-monde-des-din/f-16102070801-auc3760012590223.html,3760012590223,"","","",    Moulage en plâtre Mako Moulages : Le Monde Des Dinosaures  Coloris Unique,"","Vendeur professionnel. Produits neufs. Envois rapides et gratuits avec un suivi en ligne de votre colis. Service client trcs réactif et de qualité !        Créez et peignez cette jolie figurine afin de donner vie à ce dinosaure ! Contenu du coffret : - 1 sachet de plâtre- 1 moule- 4 croisillons- 1 pinceau- 4 mini pots de peinture- 1 noticeVotre enfant sera ravi de faire cette réalisation en plâtre afin d'exposer sa figurine. La fabrication de cette figurine est simple et à portée des enfants. Une notice explique comment préparer le plâtre, et il suffit ensuite de le verser dans le moule puis de découvrir la réalisation. Votre enfant pourra ensuite peindre son dinosaure et faire des dégradés grâce aux peintures orange, marron, verte et bleue. Cette activité permettra de développer l'imagination et la créativité de votre enfant. D'autres modèles de la marque Mako Créations sont disponibles afin de créer des univers complets !Dimensions du coffret : 11 x 5 x 15 cm - Créez et peignez cette jolie figurine afin de donner vie à ce dinosaure !   Contenu du coffret :  - 1 sachet de plâtre - 1 moule - 4 croisillons - 1 pinceau - 4 mini pots de peinture - 1 notice  Votre enfant sera ravi de faire cette réalisation en plâtre afin d'exposer sa figurine.  La fabrication de cette figurine est simple et à portée des enfants. Une notice explique comment préparer le plâtre, et il suffit ensuite de le verser dans le moule puis de découvrir la réalisation. Votre enfant pourra ensuite peindre son dinosaure et faire des dégradés grâce aux peintures orange, marron, verte et bleue.  Cette activité permettra de développer l'imagination et la créativité de votre enfant.   D'autres modèles de la marque Mako Créations sont disponibles afin de créer des univers complets !  Dimensions du coffret : 11 x 5 x 15 cm",https://i2.cdscdn.com/pdt2/2/2/3/1/700x700/auc3760012590223/rw/moulage-en-platre-mako-moulages-le-monde-des-din.jpg,AUC3760012590223,10€74
https://www.cdiscount.com/dvd/dvd-action-aventure-guerre/dvd-papa-ou-maman-2/f-10406-auc3388330049843.html,3388330049843,"","","",    DVD - Papa Ou Maman 2,"",PRODUIT NEUF généralement expédié SOUS 2 jours ouvrables en ENVOI SUIVI. Envoi professionnel bien protégé.        DVD - Papa Ou Maman 2,https://i2.cdscdn.com/pdt2/8/4/3/1/700x700/auc3388330049843/rw/dvd-papa-ou-maman-2.jpg,AUC3388330049843,6€24
https://www.cdiscount.com/informatique/cables-connectiques/adaptateur-startechcom-mic/f-10720-sta0065030849630.html,0065030849630,"","","",    STARTECH Adaptateur Micro USB vers USB Host OTG - Adaptateur USB On-The-Go - M/F - Noir,"","Adaptateur STARTECH.COM Micro USB à USB - Caractéristiques principales : - Description du produit : : StarTech.com Micro USB On the Go to USB Adapter - adaptateur USB. . - Type : : Adaptateur USB. . - Connecteur(s) : : 1 x Micro-USB Type B à 5 broches - mâle. . - Connecteur(s) (Autre côté) : : 1 x USB à 4 broches, type A - femelle. . - Couleur : : Noir. . - . . Caractéristiques étendues : - Type : : . . - Couleur : : . . - Connecteur(s) : : . . - Connecteur(s) (Autre côté) : : . . - Services & maintenance : : . .",https://i2.cdscdn.com/pdt2/6/3/0/1/700x700/sta0065030849630/rw/adaptateur-startechcom-mic.jpg,STA0065030849630,3€09
https://www.cdiscount.com/informatique/clavier-souris-webcam/t-nb-embouts-pour-ecouteurs-intra-auriculaires-6/f-1070219-tnbbud03.html,3303170043769,"","","",    T'nB Embouts pour Ecouteurs Intra-auriculaires - 6 paires - Blanc et Noir,"",T`nB - BUD03 - Embouts  couteurs intra-auriculaires - Noir Blanc         ,https://i2.cdscdn.com/pdt2/d/0/3/1/700x700/tnbbud03/rw/t-nb-embouts-pour-ecouteurs-intra-auriculaires-6.jpg,"TNBBUD03"";tc_var",6€33
https://www.cdiscount.com/dvd/dvd-action-aventure-guerre/alvin-et-les-chipmunks-4-a-fond-la-caisse-dvd/f-10406-auc3344428063436.html,3344428063436,"","","",    Alvin et les Chipmunks 4 : A fond la caisse [DVD + Digital HD],"",Alvin et les Chipmunks 4 S lection Gulli DVD        Alvin et les Chipmunks 4 : A fond la caisse [DVD + Digital HD],https://i2.cdscdn.com/pdt2/4/3/6/1/700x700/auc3344428063436/rw/alvin-et-les-chipmunks-4-a-fond-la-caisse-dvd.jpg,AUC3344428063436,11€28
https://www.cdiscount.com/musique-cd-dvd/nqnt2-by-vald-cd/f-101-uni0602547518248.html,0602547518248,"","","",    NQNT2 by Vald (CD),"",Vendeur professionnel. Produits neufs. Envois rapides et gratuits avec un suivi en ligne de votre colis. Service client trcs réactif et de qualité !        NQNT2 by Vald (CD) - CD,https://i2.cdscdn.com/pdt2/2/4/8/1/700x700/uni0602547518248/rw/nqnt2-by-vald-cd.jpg,UNI0602547518248,8€53
https://www.cdiscount.com/musique-cd-dvd/rouge/f-101-auc0602498198575.html,0602498198575,"","","",    Rouge,"","Rouge        Titre : Rouge - Groupe interprète : Michel Sardou - Support : CD - Format : Boitier - Nombre de CD : 1 - Editeur / Label : Universal Music France - Date de parution : 20/12/2004 - Liste de titres :  - 1 - Io Domenico 2 - Atmosphs 3 - Les Deux Ecoles 4 - Rouge 5 - Le Verre Vide 6 - La Dndade 7 - Elle Revient Dans Cinq Ans 8 - Parce Que C'etait Lui Parce Que C'etait Moi 9 - Du Blues Dans Mes Chansons 10 - Dvrance 11 - Dre D'amour 12 - Une femme, ma fille titre bonus 13 - Los Angelien",https://i2.cdscdn.com/pdt2/5/7/5/1/700x700/auc0602498198575/rw/rouge.jpg,AUC0602498198575,10€16
https://www.cdiscount.com/auto/20-pces-assortiment-de-fusibles-pour-voiture-to/f-133-auc4008153767937.html,4008153767937,"","","",    20 pces Assortiment de fusibles pour voiture To…,"","20 pces Assortiment de fusibles pour voiture Torpedo - Cette boîte de fusibles ne doit pas manquer dans le tableau de bord de votre voiture. Comporte 4 des fusibles les plus importantes, dont les fusibles pour autoradio.Contenu : 1 setIntensité : 2 x 5 A8 x 8 A6 x 16 A4 x 25 AType de fusible : Fusibles Torpedo auto",https://i2.cdscdn.com/pdt2/9/3/7/1/700x700/auc4008153767937/rw/20-pces-assortiment-de-fusibles-pour-voiture-to.jpg,AUC4008153767937,4€79
https://www.cdiscount.com/juniors/figurines/sylvanian-5202-valisette-bebe-lapin-piano/f-1206726-syl5202.html,5054131052020,"","","",    SYLVANIAN 5202 - Valisette Bébé Lapin + Piano,"","",https://i2.cdscdn.com/pdt2/2/0/2/1/700x700/syl5202/rw/sylvanian-5202-valisette-bebe-lapin-piano.jpg,"SYL5202"";tc_vars",6€09
https://www.cdiscount.com/musique-cd-dvd/le-rohff-game-by-rohff-cd/f-101-uni0602547655967.html,0602547655967,"","","",    Le Rohff game by Rohff (CD),"",Le Rohff game        Le Rohff game by Rohff (CD) - CD,https://i2.cdscdn.com/pdt2/9/6/7/1/700x700/uni0602547655967/rw/le-rohff-game-by-rohff-cd.jpg,UNI0602547655967,10€16
https://www.cdiscount.com/high-tech/accessoires/startech-com-stereo-audio-cable-3-5mm-male-to-2/f-1062802-sta0065030783309.html,0065030783309,"","","","    STARTECH Câble audio stéréo en Y Mini-Jack 3,5 mm vers 2x RCA de 15 cm - Répartiteur audio Mini-Jack (M) vers 2x Cinch (F)","","StarTech.com Stereo Audio Cable - 3.5mm Male to 2x RCA Female - Câble audio - RCA (F) - fiche mini-phone Stéréo 3,5 mm (M) - 15 cm - noir - pour P/N: SV411KUSB - Le câble audio RCA 3,5 mm MUMFRCA de 15 cm comprend un connecteur mâle 3,5 mm (TRS) et 2 connecteurs RCA femelles, vous permettant de connecter votre appareil audio portable (iPod ou autre lecteur MP3) au système stéréo de votre domicile par le biais de câbles RCA standard.  Ce câble polyvalent RCA/jack pour casque peut également servir à brancher une carte son d'ordinateur à un appareil audio qui accepte les entrées audio RCA. - …",https://i2.cdscdn.com/pdt2/3/0/9/1/700x700/sta0065030783309/rw/startech-com-stereo-audio-cable-3-5mm-male-to-2.jpg,STA0065030783309,6€05
https://www.cdiscount.com/juniors/loisirs-creatifs-enfant/qixels-recharge-vaisseaux-spatiaux/f-1209006-kk87050.html,3558380043737,"","","",    ASMOKIDS- RECHARGE VAISSEAUX SPATIAUX- QIXELS 3D,"",Recharge Vaisseaux spatiaux NEW,https://i2.cdscdn.com/pdt2/0/5/0/1/700x700/kk87050/rw/qixels-recharge-vaisseaux-spatiaux.jpg,"KK87050"";tc_vars",11€34
https://www.cdiscount.com/juniors/loisirs-creatifs-enfant/lansay-blopens-mallette-pupitre-2-en-1-mini-blop/f-1209003-lan23502.html,3181860235027,"","","",    LANSAY Blopens - Mallette Pupitre 2 En 1 Mini Blopens,"","",https://i2.cdscdn.com/pdt2/5/0/2/1/700x700/lan23502/rw/lansay-blopens-mallette-pupitre-2-en-1-mini-blop.jpg,"LAN23502"";tc_var",5€99
https://www.cdiscount.com/dvd/dvd-action-aventure-guerre/dvd-les-dents-de-la-mer/f-10406-5050582048025.html,5050582048025,"","","",    DVD Les dents de la mer,"","NEUF  SOUS BLISTER/// EXPÉDITION IMMÉDIATE SI COMMANDE AVANT 15H  //  FRE 111                                   Aventure               Date de sortie :         02/03/2004                                    Casting : Scheider Roy, Shaw Robert, Dreyfuss Richard, Gary Lorraine, Hamilton Murray                             	              	                              Les dents de la mer - Synopsis                             A quelques jours du début de la saison estivale, les habitants de la petite station balnéaire d'Amity sont mis en émoi par la découverte sur le littoral du corps atrocement mutilé d'une jeune vacancière. Pour Martin Brody, le chef de la police, il ne fait aucun doute que la jeune fille a été victime d'un requin. Il décide alors d'interdire l'accès des plages mais se heurte à l'hostilité du maire uniquement intéressé par l'afflux des touristes. Pendant ce temps, le requin continue à semer la terreur le long des côtes et à dévorer les baigneurs...",https://i2.cdscdn.com/pdt2/0/2/5/1/700x700/5050582048025/rw/dvd-les-dents-de-la-mer.jpg,"5050582048025"";t",5€99
https://www.cdiscount.com/dvd/dvd-action-aventure-guerre/dvd-robin-des-bois-prince-des-voleurs/f-10406-7321950140008.html,7321950140008,"","","","    DVD Robin des bois, prince des voleurs","","Articles Neufs sous emballage. Vendeur Professionnel. Livraison Rapide.                                   Aventure               Date de sortie :         06/12/2006                                    Casting : Costner Kevin, Freeman Morgan, Rickman Alan, Mastrantonio Mary Elizabeth, Slater Christian, Mcewan Geraldine, Blessed Brian, Wi                             	              	                              Robin des bois, prince des voleurs - Synopsis                             L'histoire du justicier de la forêt de Sherwood luttant contre les oppresseurs du peuple",https://i2.cdscdn.com/pdt2/0/0/8/1/700x700/7321950140008/rw/dvd-robin-des-bois-prince-des-voleurs.jpg,"7321950140008"";t",5€98
https://www.cdiscount.com/juniors/jeux-et-jouets-par-type/playmobil-9339-nymphe-des-forets/f-120060272-pl9339.html,4008789093394,"","","",    Nouveauté 2018 - PLAYMOBIL 9339 Nymphe de forêt,"","",https://i2.cdscdn.com/pdt2/3/3/9/1/700x700/pl9339/rw/playmobil-9339-nymphe-des-forets.jpg,"PL9339"";tc_vars[",2€99
https://www.cdiscount.com/juniors/loisirs-creatifs-enfant/simba-color-me-mine-sequin-porte-monnaie-colorier/f-1209003-smo40707.html,3032160054927,"","","",    SIMBA Color Me Mine Sequin Porte Monnaie Colorier,"","",https://i2.cdscdn.com/pdt2/7/0/7/1/700x700/smo40707/rw/simba-color-me-mine-sequin-porte-monnaie-colorier.jpg,"SMO40707"";tc_var",5€96
https://www.cdiscount.com/dvd/enfants-animation-manga/dvd-hotel-transylvanie/f-1044201-3333297476454.html,3333297476454,"","","",    DVD Hotel Transylvanie,"","NEUF  SOUS BLISTER/// EXPÉDITION IMMÉDIATE SI COMMANDE AVANT 15H  //  HER 49                                   Animation               Date de sortie :         14/06/2013                                    Casting : Sandler Adam, Samberg Andy, Gomez Selena                             	              	                              Hotel Transylvanie - Synopsis                             Bienvenue à l'Hôtel Transylvanie, le somptueux hôtel de Dracula, où les monstres et leurs familles peuvent enfin vivre leur vie, se détendre et faire « monstrueusement » la fête comme ils en ont envie sans être embêtés par les humains. Pour l'anniversaire de sa fille, la jeune Mavis, qui fête ses 118 printemps, Dracula invite les plus célèbres monstres du monde - Frankenstein et sa femme, la Momie, l'Homme Invisible, une famille de loups-garous, et bien d'autres encore. Tout se passe très bien, jusqu'à ce qu'un humain débarque par hasard à l'hôtel et se lie d'amitié avec Mavis.",https://i2.cdscdn.com/pdt2/4/5/4/1/700x700/3333297476454/rw/dvd-hotel-transylvanie.jpg,"3333297476454"";t",5€95
https://www.cdiscount.com/juniors/jeux-de-societe-cartes/jeu-de-cartes-questions-de-merde/f-12079-abyjdclon001.html,3760116311731,"","","",    Jeu de Cartes - Questions de merde,"",Longalive Games - JDCLON001 - Jeu de Cartes - Questions de Merde,https://i2.cdscdn.com/pdt2/0/0/1/1/700x700/abyjdclon001/rw/jeu-de-cartes-questions-de-merde.jpg,"ABYJDCLON001"";tc",11€82
https://www.cdiscount.com/bricolage/electricite/douille-plastique-pas-de-vis-10mm-e-27/f-1661410-auc3545411408245.html,3545411408245,"","","",    Douille E27 thermoplastique simple bague blanc,"", ,https://i2.cdscdn.com/pdt2/2/4/5/1/700x700/auc3545411408245/rw/douille-plastique-pas-de-vis-10mm-e-27.jpg,AUC3545411408245,1€30
https://www.cdiscount.com/dvd/dvd-enfants-walt-disney/dvd-les-goonies/f-1041303-7321950114740.html,7321950114740,"","","",    DVD Les goonies,"","Neuf mais sans blister (issu d'un pack) Edition française.                                   Aventure               Date de sortie :         26/06/2002                                    Casting : Astin Sean, Brolin Josh, Feldman Corey, Cohen Jeff, Quan Jonathan Ke, Plimpton Martha, Green Kerri, Matuszak John, Davi Robert, P                             	              	                              Les goonies - Synopsis                             Les aventures de Mickey et Brand Walsh et du club des Goonies",https://i2.cdscdn.com/pdt2/7/4/0/1/700x700/7321950114740/rw/dvd-les-goonies.jpg,"7321950114740"";t",3€99
https://www.cdiscount.com/pret-a-porter/bebe-puericulture/bclip-bavoir-vert/f-113173323-auc3700552301330.html,3700552301330,"","","",    Bclip bavoir Vert,"",Vendeur professionnel. Produits neufs. Envois rapides et gratuits avec un suivi en ligne de votre colis. Service client trcs réactif et de qualité !        Bclip bavoir Vert,https://i2.cdscdn.com/pdt2/3/3/0/1/700x700/auc3700552301330/rw/bclip-bavoir-vert.jpg,AUC3700552301330,11€60
https://www.cdiscount.com/juniors/jeux-et-jouets-par-type/playmobil-9076-chevalier-du-dragon-noir/f-1200602-pl9076.html,4008789090768,"","","",    PLAYMOBIL 9076 Chevalier du Dragon Noir,"","",https://i2.cdscdn.com/pdt2/0/7/6/1/700x700/pl9076/rw/playmobil-9076-chevalier-du-dragon-noir.jpg,"PL9076"";tc_vars[",2€90
https://www.cdiscount.com/telephonie/accessoires-portable-gsm/lot-de-2-protege-ecrans-one/f-1442013-auc3571211243281.html,3571211243281,"","","",    Film iPhone 5/ 5S/ SE protège écran contre les rayures - ultra-clear,"", ,https://i2.cdscdn.com/pdt2/2/8/1/1/700x700/auc3571211243281/rw/lot-de-2-protege-ecrans-one.jpg,AUC3571211243281,2€89
https://www.cdiscount.com/musique-cd-dvd/salvatore-adamo/f-101-auc0602537203611.html,0602537203611,"","","",    Salvatore Adamo - La grande roue,"",Livraison avec suivi        Salvatore Adamo - La grande roue - Universal Music France - Album - Boitier cristal - 1 - la grande roue 2 - tous mes ages 3 - cher amour 4 - la fête 5 - je vous parle d'un ami 6 - l'homme triste 7 - de belles personnes 8 - ricordi 9 - ton infini 10 - le souvenir du bonheur 11 - alan et la pomme 12 - golden years,https://i2.cdscdn.com/pdt2/6/1/1/1/700x700/auc0602537203611/rw/salvatore-adamo.jpg,AUC0602537203611,10€43
https://www.cdiscount.com/musique-cd-dvd/histoires-confidentielles/f-101-auc0731453229327.html,0731453229327,"","","",    Histoires Confidentielles,"",Histoires confidentielles        Titre : Histoires Confidentielles - Groupe interprète : Phil Barney - Support : CD - Format : Boitier - Nombre de CD : 1 - Editeur / Label : Universal Music France - Date de parution : 04/03/1996 - Liste de titres :  - 1 - Mrs Jones 2 - Un Enfant De Toi 3 - J' Voudrais Qu' On Reste 4 - Il Est Parti 5 - Tour d' Ivoire 6 - Souvenir De Toi 7 - Tell' Ment Je Pense A Toi 8 - Avec Qui Tu Vis 9 - Quand Tu t' Enfuis 10 - Histoire Confidentielle 11 - Loin De Tes Bras 12 - Partager Tout 13 - Nouveau Monde 14 - Celui Qui Passe 15 - Love Solitude 16 - Vieille Star 17 - Tout C' Que Tu N'm'as Pas,https://i2.cdscdn.com/pdt2/3/2/7/1/700x700/auc0731453229327/rw/histoires-confidentielles.jpg,AUC0731453229327,11€61
https://www.cdiscount.com/dvd/dvd-musique/johnny-hallyday-zenith-84/f-10416-0602498365564.html,0602498365564,"","","",    JOHNNY HALLYDAY,"",Vendeur professionnel. Produits neufs. Envois rapides et gratuits avec un suivi en ligne de votre colis. Service client trcs réactif et de qualité !        1. Intro Zénith 2. Poing cœur 3. Je sais que tu ne peux pas trouver mieux ailleurs 4. Le pénitencier 5. J’ai oublié de vivre 6. La musique que j’aime 7. L’amour violent.. 8. Signes extérieurs de richesse 9. Ma gueule 10. Ne me quitte pas 11. Entre violence et violons 12. Quand un homme devient fou 13. Rien à personne 14. Ne tuez pas la liberté 15. Le coeur du rock’n’roll 16. Toi tais toi 17. Drôle de métier 18. La garce 19. Hey Joe 20. J’aimerais pouvoir encore 21. Souffrir comme ça 22. Nashville blues 23. Gabrielle   Medley : Je suis né dans la rue . Elle est terrible / La fille de l’été dernier . Souvenirs souvenirs / 37ème étage . Carole / Johnny reviens / Blue suede shoes / Rien que huit jours / Tutti frutti . Je me sens si seul . Excuse moi partenaire . Mon p’tit loup . Whole lotta shakin’goin’on,https://i2.cdscdn.com/pdt2/5/6/4/1/700x700/0602498365564/rw/johnny-hallyday-zenith-84.jpg,"0602498365564"";t",8€41
https://www.cdiscount.com/bricolage/quincaillerie/feutre-antiglisse-anti-rayures-marron-diametre/f-16603-tes4042448885043.html,4042448885043,"","","",    TESA Rondelles feutres antirayures ronds - Ø 26mm - bruns,"", ,https://i2.cdscdn.com/pdt2/0/4/3/1/700x700/tes4042448885043/rw/feutre-antiglisse-anti-rayures-marron-diametre.jpg,TES4042448885043,2€83
https://www.cdiscount.com/bricolage/quincaillerie/ruban-adhesif-double-face-transparent-12-mm-x-7/f-1660303-tes4042448899736.html,4042448899736,"","","","    Ruban adhésif double face, transparent, 12 mm x 7","","Ruban adhésif double face, transparent, 12 mm x 7 - tesa Ruban adhésif double face, transparent, 12 mm x 7,5 mruban adhésif double face, en film PP, indéchirablediamètre de la bague: 25 mm, colle fortecontenu: 2 pièces(57911-0-0 / 57911-00000-00 / 57911-00-00)",https://i2.cdscdn.com/pdt2/7/3/6/1/700x700/tes4042448899736/rw/ruban-adhesif-double-face-transparent-12-mm-x-7.jpg,TES4042448899736,5€70
https://www.cdiscount.com/bricolage/amenagement-atelier/mousses-pour-mallettes-gigognes-polypropylene-l-mm/f-1660404-vis3321360101020.html,3321360101020,"","","","    Mousses pour mallettes gigognes polypropylène l(mm): 244,L(mm): 161,h(mm): 66","",PRODUIT NEUF généralement expédié SOUS 6 jours ouvrables en ENVOI SUIVI. Envoi professionnel bien protégé.        Plaques de mousses alvéolée pour mallettes gigones.,https://i2.cdscdn.com/pdt2/0/2/0/1/700x700/vis3321360101020/rw/mousses-pour-mallettes-gigognes-polypropylene-l-mm.jpg,VIS3321360101020,11€23
https://www.cdiscount.com/high-tech/accessoires/adaptateur-antenne-femelle-vers-jack-male-mono-3-5/f-1062802-auc4011376700346.html,4011376700346,"","","",    Adaptateur antenne femelle vers Jack mâle mono 3.5 mm BKL Electronic,"","PRODUIT NEUF généralement expédié SOUS 6 jours ouvrables en ENVOI SUIVI. Envoi professionnel bien protégé.        Adaptateur antenne femelle vers Jack mâle mono 3.5 mm BKL Electronic - Adaptateur pour le branchement d'un câble d'antenne doté d'une fiche d'antenne femelle sur des appareils TV portables dotés d'une prise jack de 3,5 mm en entrée d'antenne.Conditionnement : 1 pc(s)Couleur : argentLongueur du câble : 0 mRéférence fabricant : 1102007Type de connexion A (entrées) : Jack mâle 3.5 mmType de connexion B (sorties) : ante…",https://i2.cdscdn.com/pdt2/3/4/6/1/700x700/auc4011376700346/rw/adaptateur-antenne-femelle-vers-jack-male-mono-3-5.jpg,AUC4011376700346,11€25
https://www.cdiscount.com/juniors/console-multimedia/pat-patrouille-montre-lcd-paw-patrol/f-1208809-ct37006.html,3555801370069,"","","",    PAT PATROUILLE Montre LCD Paw Patrol,"",Vendeur professionnel. Produits neufs. Envois rapides et gratuits avec un suivi en ligne de votre colis. Service client trcs réactif et de qualité !,https://i2.cdscdn.com/pdt2/0/0/6/1/700x700/ct37006/rw/pat-patrouille-montre-lcd-paw-patrol.jpg,"CT37006"";tc_vars",11€07
